{"0": {"Name": "lori", "Followers": [640, 1, 515, 132, 6, 268, 396, 272, 406, 923, 27, 670, 800, 167, 936, 552, 431, 693, 58, 955, 698, 314, 960, 65, 195, 326, 455, 465, 724, 473, 857, 730, 860, 991, 224, 481, 96, 231, 629, 886, 759, 760, 124], "Following": [384, 1, 130, 515, 4, 259, 636, 137, 10, 526, 399, 639, 279, 666, 541, 31, 928, 550, 39, 171, 435, 564, 437, 438, 440, 568, 315, 188, 827, 580, 583, 850, 467, 595, 218, 98, 998, 750, 251, 240, 114, 885, 629, 761, 891, 380, 767], "IP": "71.127.255.255", "lat-long": ["39.01121", "-77.47120"], "Report Counts": 0, "Reported reasons": ["None"], "Media Count": 13, "Has Profile Pic": 1, "Is Private": 0, "Biography Length": 11, "Username length": 4, "Username Digit Count": 0}, "1": {"Name": "idnehcDiaJ", "Followers": [1, 647, 779, 145, 786, 23, 173, 181, 444, 190, 321, 458, 588, 725, 598, 232, 234, 497, 119, 888, 762], "Following": [518, 903, 905, 267, 22, 280, 923, 35, 299, 304, 177, 307, 60, 445, 190, 324, 967, 715, 973, 77, 208, 209, 89, 224, 482, 740, 485, 358, 490, 877, 367, 507, 383], "IP": "205.119.255.255", "lat-long": ["40.76812", "-111.83838"], "Report Counts": 5, "Reported reasons": ["Impersonation", "Impersonation", "Impersonation", "Impersonation", "Impersonation"], "Media Count": 11, "Has Profile Pic": 1, "Is Private": 1, "Biography Length": 15, "Username length": 10, "Username Digit Count": 0}, "2": {"Name": "lsl", "Followers": [704, 865, 323, 196, 135, 361, 394, 620, 943, 894, 309, 760, 90, 126], "Following": [674, 547, 811, 139, 333, 624, 148, 212, 571, 185, 827, 124, 254], "IP": "207.168.255.255", "lat-long": ["41.88535", "-87.63299"], "Report Counts": 0, "Reported reasons": ["None"], "Media Count": 2, "Has Profile Pic": 0, "Is Private": 0, "Biography Length": 7, "Username length": 3, "Username Digit Count": 0}, "3": {"Name": "mikey", "Followers": [641, 163, 100, 707, 8, 635, 744, 78, 532, 344, 633, 251, 413, 734, 639], "Following": [512, 130, 4, 520, 790, 415, 545, 802, 294, 430, 312, 444, 841, 587, 973, 79, 464, 615, 619, 882, 380], "IP": "16.207.255.255", "lat-long": ["37.41467", "-122.14572"], "Report Counts": 0, "Reported reasons": ["None"], "Media Count": 13, "Has Profile Pic": 1, "Is Private": 1, "Biography Length": 13, "Username length": 5, "Username Digit Count": 0}, "4": {"Name": "1dn3hcDiaJ", "Followers": [337], "Following": [200, 507, 493, 231], "IP": "131.78.255.255", "lat-long": ["39.97883", "-82.89573"], "Report Counts": 0, "Reported reasons": ["None"], "Media Count": 28, "Has Profile Pic": 0, "Is Private": 0, "Biography Length": 10, "Username length": 10, "Username Digit Count": 2}}